{
  "train_metrics": {
    "accuracy": 0.9985714285714286,
    "precision": 0.9985755935027071,
    "recall": 0.9985714285714286,
    "f1_score": 0.9985714723232971,
    "roc_auc": 0.9999428272730243
  },
  "val_metrics": {
    "accuracy": 0.94,
    "precision": 0.9401538736804438,
    "recall": 0.94,
    "f1_score": 0.9400349290224352,
    "roc_auc": 0.9874461979913918
  },
  "test_metrics": {
    "accuracy": 0.9266666666666666,
    "precision": 0.9271212121212121,
    "recall": 0.9266666666666666,
    "f1_score": 0.9265185185185184,
    "roc_auc": 0.9778135623546251
  },
  "training_time": 0.067483,
  "model_size_bytes": 383737,
  "feature_importance": {
    "feature_0": 0.24269882402702736,
    "feature_1": 0.31393496228068474,
    "feature_2": 0.25937626540951575,
    "feature_3": 0.023741956702740267,
    "feature_4": 0.025622641313089622,
    "feature_5": 0.026125755174729714,
    "feature_6": 0.02435165353890449,
    "feature_7": 0.025877945515204115,
    "feature_8": 0.025472279742617596,
    "feature_9": 0.032797716295486445
  }
}